{
  "leftTop": {
    "x": 60,
    "y": 60
  },
  "rightTop": {
    "x": 248,
    "y": 64
  },
  "rightBottom": {
    "x": 250,
    "y": 330
  },
  "leftBottom": {
    "x": 59,
    "y": 331
  },
  "leftLength": 271.0018450121696,
  "topLength": 188.04254837669055,
  "rightLength": 266.00751869073173,
  "bottomLength": 191.0026177831079,
  "leftTopAngle": 91.00745265409199,
  "rightTopAngle": 88.35033754786006,
  "rightBottomAngle": 90.13081205470472,
  "leftBottomAngle": 90.51139774334321,
  "recognizedObjects": [
    4931,
    1106,
    45,
    89
  ],
  "xMoveTo": "XAxis.center",
  "yMoveTo": "YAxis.center",
  "relativeSquare": 0.424,
  "square": 50880,
  "unrecognizedReason": null
}