{
  "leftTop": {
    "x": 42,
    "y": 29
  },
  "rightTop": {
    "x": 244,
    "y": 28
  },
  "rightBottom": {
    "x": 251,
    "y": 307
  },
  "leftBottom": {
    "x": 50,
    "y": 312
  },
  "leftLength": 283.1130516242584,
  "topLength": 202.00247523235947,
  "rightLength": 279.0877998050076,
  "bottomLength": 201.06217943710845,
  "leftTopAngle": 91.33559729811637,
  "rightTopAngle": 88.84641315943593,
  "rightBottomAngle": 90.01225272380645,
  "leftBottomAngle": 89.80573681864124,
  "recognizedObjects": [
    11706,
    51
  ],
  "xMoveTo": "XAxis.center",
  "yMoveTo": "YAxis.center",
  "relativeSquare": 0.47203333333333336,
  "square": 56644,
  "unrecognizedReason": null
}